"model","selected_G","logLik","AIC","BIC","cv_log_score"
"gaussian msec",1,-540.25127240507,1098.50254481014,1130.9547634068,-2.02813908036189
"gaussian mixture",2,-471.183465905224,964.366931810448,1004.0307545397,-1.78555226740571
