"model","selected_G","logLik","AIC","BIC","test_log_score","grid_ISE","scenario","rep","n","ntest"
"gaussian msec",1,-608.438233194266,1234.87646638853,1268.21050866044,-2.11666571598688,0.0103339153504828,"moderate",36,300,5000
"gaussian mixture",3,-597.588219572042,1229.17643914408,1292.14074121324,-2.13676760248991,0.0123177130674812,"moderate",36,300,5000
"gaussian msec",1,-711.921232820831,1441.84246564166,1475.17650791357,-2.3696869108567,0.00184454607937516,"weak",79,300,5000
"gaussian mixture",1,-715.448111085133,1440.89622217027,1459.41513454355,-2.38398765880045,0.00395741227303966,"weak",79,300,5000
"gaussian msec",1,-502.203800236999,1022.407600474,1055.7416427459,-1.70192863761667,0.00695706848197483,"strong",121,300,5000
"gaussian mixture",3,-527.380033481284,1088.76006696257,1151.72436903172,-1.78770885559659,0.0190983503424522,"strong",121,300,5000
"gaussian msec",1,-596.854309589349,1211.7086191787,1245.0426614506,-2.04933537640926,0.00209390968892716,"moderate",164,300,5000
"gaussian mixture",2,-611.610461517205,1245.22092303441,1285.96253025563,-2.14594621443802,0.0251104257092749,"moderate",164,300,5000
