"model","selected_G","logLik","AIC","BIC","test_log_score","grid_ISE","scenario","rep","n","ntest"
"gaussian msec",1,-694.220855576983,1406.44171115397,1439.77575342587,-2.4120492605545,0.00328765891203629,"weak",42,300,5000
"gaussian mixture",1,-704.187057613401,1418.3741152268,1436.89302760008,-2.41704028787571,0.00601641762429727,"weak",42,300,5000
"gaussian msec",1,-509.702184629765,1037.40436925953,1070.73841153144,-1.67090011016325,0.00592637845868515,"strong",84,300,5000
"gaussian mixture",4,-511.929127706761,1069.85825541352,1155.04525233062,-1.70449655271525,0.0148797163768549,"strong",84,300,5000
"gaussian msec",1,-616.483266808202,1250.9665336164,1284.30057588831,-2.05930733399521,0.00141633555349652,"moderate",127,300,5000
"gaussian mixture",3,-621.984642665702,1277.9692853314,1340.93358740056,-2.11417160256491,0.0080756960529332,"moderate",127,300,5000
"gaussian msec",1,-701.947263413298,1421.8945268266,1455.2285690985,-2.38533056911997,0.00386050466578343,"weak",170,300,5000
"gaussian mixture",1,-716.122260326469,1442.24452065294,1460.76343302622,-2.390827948725,0.00443817966619548,"weak",170,300,5000
