"model","selected_G","logLik","AIC","BIC","test_log_score","grid_ISE","scenario","rep","n","ntest"
"gaussian msec",1,-622.611775560662,1263.22355112132,1296.55759339323,-2.07882044903039,0.00450245365553094,"moderate",41,300,5000
"gaussian mixture",2,-634.399768001249,1290.7995360025,1331.54114322372,-2.14547936616052,0.0224686055896029,"moderate",41,300,5000
"gaussian msec",1,-700.172607766676,1418.34521553335,1451.67925780526,-2.41839251671738,0.00541496450857109,"weak",84,300,5000
"gaussian mixture",1,-710.106522338403,1430.21304467681,1448.73195705009,-2.41090117294372,0.00383292575959915,"weak",84,300,5000
"gaussian msec",1,-482.977419642104,983.954839284207,1017.28888155611,-1.69869984359196,0.00603559242720803,"strong",126,300,5000
"gaussian mixture",4,-485.92083723749,1017.84167447498,1103.02867139207,-1.71760424890681,0.0131105625764081,"strong",126,300,5000
"gaussian msec",1,-615.04934339117,1248.09868678234,1281.43272905425,-2.04311479157965,0.00226222447101539,"moderate",169,300,5000
"gaussian mixture",2,-631.019714611395,1284.03942922279,1324.78103644401,-2.13843280652664,0.0229026178365435,"moderate",169,300,5000
