"model","selected_G","logLik","AIC","BIC","test_log_score","grid_ISE","scenario","rep","n","ntest"
"gaussian msec",1,-629.381079509325,1276.76215901865,1310.09620129056,-2.19600482774227,0.0249006658888533,"moderate",38,300,5000
"gaussian mixture",2,-618.704435619612,1259.40887123922,1300.15047846044,-2.1536840417773,0.0206491598291892,"moderate",38,300,5000
"gaussian msec",1,-708.095594599367,1434.19118919873,1467.52523147064,-2.39572764277436,0.00147408235270008,"weak",81,300,5000
"gaussian mixture",1,-720.25252414352,1450.50504828704,1469.02396066032,-2.4092444248319,0.00436945257767458,"weak",81,300,5000
"gaussian msec",1,-477.881374693038,973.762749386075,1007.09679165798,-1.64370437788524,0.00168460950768264,"strong",123,300,5000
"gaussian mixture",4,-469.723141399639,985.446282799279,1070.63327971637,-1.70666913846332,0.0154964882028578,"strong",123,300,5000
"gaussian msec",1,-623.737190465068,1265.47438093014,1298.80842320204,-2.08844138810683,0.0051108009122436,"moderate",166,300,5000
"gaussian mixture",2,-636.35585732904,1294.71171465808,1335.4533218793,-2.12999074553115,0.0189875304751901,"moderate",166,300,5000
