"model","selected_G","logLik","AIC","BIC","test_log_score","grid_ISE","scenario","rep","n","ntest"
"gaussian msec",1,-715.806318639972,1449.61263727994,1482.94667955185,-2.40732259583794,0.00108159990450869,"weak",31,300,5000
"gaussian mixture",1,-723.587351138114,1457.17470227623,1475.69361464951,-2.42564597661205,0.00370493498518404,"weak",31,300,5000
"gaussian msec",1,-482.845901947545,983.691803895091,1017.025846167,-1.69275838578612,0.0038161920949712,"strong",73,300,5000
"gaussian mixture",4,-479.904821894428,1005.80964378886,1090.99664070595,-1.75077570602452,0.0128039011258021,"strong",73,300,5000
"gaussian msec",1,-600.361237125927,1218.72247425185,1252.05651652376,-2.06160186648232,0.00298906628455731,"moderate",116,300,5000
"gaussian mixture",2,-611.875186281293,1245.75037256259,1286.4919797838,-2.15108624240605,0.0279318308812527,"moderate",116,300,5000
"gaussian msec",1,-752.495878211813,1522.99175642363,1556.32579869553,-2.39962071141959,0.00161285056830984,"weak",159,300,5000
"gaussian mixture",1,-757.205342316963,1524.41068463393,1542.92959700721,-2.41281097761684,0.00366223935112977,"weak",159,300,5000
