"model","selected_G","logLik","AIC","BIC","test_log_score","grid_ISE","scenario","rep","n","ntest"
"gaussian msec",1,-604.896318998348,1227.7926379967,1261.1266802686,-2.05866265254709,0.00218546765343761,"moderate",33,300,5000
"gaussian mixture",3,-612.482042041556,1258.96408408311,1321.92838615227,-2.08955068643063,0.00717290930699872,"moderate",33,300,5000
"gaussian msec",1,-696.351212867565,1410.70242573513,1444.03646800704,-2.38709610530956,0.00579686414564398,"weak",76,300,5000
"gaussian mixture",1,-706.528453461579,1423.05690692316,1441.57581929644,-2.39210165004439,0.00437277328035429,"weak",76,300,5000
"gaussian msec",1,-486.334330565311,990.668661130621,1024.00270340253,-1.66969268425848,0.00469191024026309,"strong",118,300,5000
"gaussian mixture",4,-493.62100837991,1033.24201675982,1118.42901367691,-1.70518583025595,0.0104094129709605,"strong",118,300,5000
"gaussian msec",1,-592.726490743652,1203.4529814873,1236.78702375921,-2.10236667663467,0.00965707543837833,"moderate",161,300,5000
"gaussian mixture",3,-585.185751636813,1204.37150327363,1267.33580534278,-2.11172936104512,0.00891738437230146,"moderate",161,300,5000
