"model","selected_G","logLik","AIC","BIC","test_log_score","grid_ISE","scenario","rep","n","ntest"
"gaussian msec",1,-736.576093440424,1491.15218688085,1524.48622915275,-2.40060747720717,0.00536581384577506,"weak",36,300,5000
"gaussian mixture",1,-743.260506249251,1496.5210124985,1515.03992487178,-2.39903638578117,0.00331672292469397,"weak",36,300,5000
"gaussian msec",1,-504.717163141334,1027.43432628267,1060.76836855457,-1.68384120004978,0.00372784470820465,"strong",78,300,5000
"gaussian mixture",4,-505.675055674359,1057.35011134872,1142.53710826581,-1.75941477898899,0.0167540105612964,"strong",78,300,5000
"gaussian msec",1,-587.789893266373,1193.57978653275,1226.91382880465,-2.06138534997506,0.0014447120268555,"moderate",121,300,5000
"gaussian mixture",3,-592.433842327583,1218.86768465517,1281.83198672432,-2.11602436805463,0.0121057062494797,"moderate",121,300,5000
"gaussian msec",1,-735.70055331052,1489.40110662104,1522.73514889295,-2.40050985131968,0.00410172019217917,"weak",164,300,5000
"gaussian mixture",1,-739.722260706842,1489.44452141368,1507.96343378696,-2.40248294356915,0.00324804960811417,"weak",164,300,5000
