"model","selected_G","logLik","AIC","BIC","test_log_score","grid_ISE","scenario","rep","n","ntest"
"gaussian msec",1,-603.558419812234,1225.11683962447,1258.45088189637,-2.05941883996355,0.0012583791178613,"moderate",34,300,5000
"gaussian mixture",3,-608.922825742422,1251.84565148484,1314.809953554,-2.13993767736593,0.0117673796159958,"moderate",34,300,5000
"gaussian msec",1,-708.004145855397,1434.00829171079,1467.3423339827,-2.38393311680911,0.00255632750231192,"weak",77,300,5000
"gaussian mixture",1,-714.202587681459,1438.40517536292,1456.9240877362,-2.39029725944261,0.00414729638350306,"weak",77,300,5000
"gaussian msec",1,-493.325934366348,1004.6518687327,1037.9859110046,-1.68479997560578,0.00323229515272373,"strong",119,300,5000
"gaussian mixture",4,-491.81660873291,1029.63321746582,1114.82021438291,-1.75599025645675,0.0148864837380222,"strong",119,300,5000
"gaussian msec",1,-587.857940247702,1193.7158804954,1227.04992276731,-2.08325625837625,0.00344167113922943,"moderate",162,300,5000
"gaussian mixture",3,-592.036533856972,1218.07306771394,1281.0373697831,-2.1344778672854,0.0144727224353187,"moderate",162,300,5000
