"model","selected_G","logLik","AIC","BIC","test_log_score","grid_ISE","scenario","rep","n","ntest"
"gaussian msec",1,-686.88013880917,1391.76027761834,1425.09431989025,-2.40208065606356,0.0027079745918855,"weak",40,300,5000
"gaussian mixture",1,-698.64607751699,1407.29215503398,1425.81106740726,-2.4006661196142,0.00505019977538693,"weak",40,300,5000
"gaussian msec",1,-499.457051377311,1016.91410275462,1050.24814502653,-1.65531076566726,0.0011487189672683,"strong",82,300,5000
"gaussian mixture",4,-494.547151578352,1035.0943031567,1120.2813000738,-1.69433433777384,0.0104553353056595,"strong",82,300,5000
"gaussian msec",1,-611.26309398875,1240.5261879775,1273.86023024941,-2.06623722535876,0.00469639299601347,"moderate",125,300,5000
"gaussian mixture",3,-610.496884612802,1254.9937692256,1317.95807129476,-2.12252772392818,0.0125095382280997,"moderate",125,300,5000
"gaussian msec",1,-699.749210819499,1417.498421639,1450.8324639109,-2.37111623294527,0.00199591346730899,"weak",168,300,5000
"gaussian mixture",1,-705.2431802557,1420.4863605114,1439.00527288468,-2.39206767513236,0.00541530270607172,"weak",168,300,5000
