"model","selected_G","logLik","AIC","BIC","test_log_score","grid_ISE","scenario","rep","n","ntest"
"gaussian msec",1,-695.777609542383,1409.55521908477,1442.88926135667,-2.40504023946326,0.00615832823145767,"weak",32,300,5000
"gaussian mixture",1,-697.623307856972,1405.24661571394,1423.76552808722,-2.40478631467486,0.00495699900679484,"weak",32,300,5000
"gaussian msec",1,-502.663730450177,1023.32746090035,1056.66150317226,-1.66567569370435,0.00345525567082942,"strong",74,300,5000
"gaussian mixture",4,-504.434164761656,1054.86832952331,1140.0553264404,-1.70571923993168,0.00924082538035524,"strong",74,300,5000
"gaussian msec",1,-601.062778636236,1220.12555727247,1253.45959954438,-2.06651435364148,0.00138735750339489,"moderate",117,300,5000
"gaussian mixture",2,-620.895129751476,1263.79025950295,1304.53186672417,-2.15105592622895,0.0203537893418225,"moderate",117,300,5000
"gaussian msec",1,-743.909486658894,1505.81897331779,1539.15301558969,-2.40154631108626,0.00791961305063924,"weak",160,300,5000
"gaussian mixture",1,-751.940655365009,1513.88131073002,1532.4002231033,-2.39395875537541,0.00381678900996382,"weak",160,300,5000
