"model","selected_G","logLik","AIC","BIC","test_log_score","grid_ISE","scenario","rep","n","ntest"
"gaussian msec",1,-477.320743561423,972.641487122847,1005.97552939475,-1.67534622167281,0.00341839104589302,"strong",30,300,5000
"gaussian mixture",4,-479.120741212987,1004.24148242597,1089.42847934307,-1.74732816176046,0.0156053393597607,"strong",30,300,5000
"gaussian msec",1,-599.913547378522,1217.82709475704,1251.16113702895,-2.0570951764597,0.00298014475281537,"moderate",73,300,5000
"gaussian mixture",3,-603.346428066649,1240.6928561333,1303.65715820245,-2.13403487731957,0.0212781161208046,"moderate",73,300,5000
"gaussian msec",1,-711.347763880131,1440.69552776026,1474.02957003217,-2.40548130500567,0.00303835455985585,"weak",116,300,5000
"gaussian mixture",1,-717.803173176431,1445.60634635286,1464.12525872614,-2.41270716798318,0.00453492445233821,"weak",116,300,5000
"gaussian msec",1,-501.922659443568,1021.84531888714,1055.17936115904,-1.65989921041823,0.00184732505272503,"strong",158,300,5000
"gaussian mixture",4,-497.478976268388,1040.95795253678,1126.14494945387,-1.73830195593461,0.010825263764741,"strong",158,300,5000
