"model","selected_G","logLik","AIC","BIC","test_log_score","grid_ISE","scenario","rep","n","ntest"
"gaussian msec",1,-676.948821121612,1371.89764224322,1405.23168451513,-2.4231585351686,0.00682594163795443,"weak",41,300,5000
"gaussian mixture",1,-686.095650840174,1382.19130168035,1400.71021405363,-2.41877930180305,0.00572841748498861,"weak",41,300,5000
"gaussian msec",1,-489.861571076872,997.723142153744,1031.05718442565,-1.66973207946277,0.00111696599344443,"strong",83,300,5000
"gaussian mixture",3,-509.173087493025,1052.34617498605,1115.3104770552,-1.77189183619242,0.0178087610465923,"strong",83,300,5000
"gaussian msec",1,-593.319337277038,1204.63867455408,1237.97271682598,-2.09039473967212,0.0061886413540231,"moderate",126,300,5000
"gaussian mixture",2,-599.94860690031,1221.89721380062,1262.63882102184,-2.2029174897026,0.0362356743239386,"moderate",126,300,5000
"gaussian msec",1,-735.824363300142,1489.64872660028,1522.98276887219,-2.39885470318075,0.006160344508813,"weak",169,300,5000
"gaussian mixture",1,-748.910432875589,1507.82086575118,1526.33977812446,-2.38527115981156,0.0034877075927534,"weak",169,300,5000
