"model","selected_G","logLik","AIC","BIC","test_log_score","grid_ISE","scenario","rep","n","ntest"
"gaussian msec",1,-492.101479342373,1002.20295868475,1035.53700095665,-1.69034069437784,0.00558491426066222,"strong",41,300,5000
"gaussian mixture",4,-497.389762094565,1040.77952418913,1125.96652110622,-1.75563631511035,0.0176657071208935,"strong",41,300,5000
"gaussian msec",1,-603.745937214922,1225.49187442984,1258.82591670175,-2.06780249583695,0.00415109482543651,"moderate",84,300,5000
"gaussian mixture",3,-609.912624621542,1253.82524924308,1316.78955131224,-2.09515283829259,0.00833890850727118,"moderate",84,300,5000
"gaussian msec",1,-730.450290978883,1478.90058195777,1512.23462422967,-2.38207547885823,0.00272985094859425,"weak",127,300,5000
"gaussian mixture",1,-737.588802865466,1485.17760573093,1503.69651810421,-2.39254692370974,0.00427241026821129,"weak",127,300,5000
"gaussian msec",1,-500.01877898626,1018.03755797252,1051.37160024443,-1.68814433518175,0.0039291661627052,"strong",169,300,5000
"gaussian mixture",4,-508.773567585107,1063.54713517021,1148.73413208731,-1.72953250409153,0.00718425817189248,"strong",169,300,5000
