"model","selected_G","logLik","AIC","BIC","test_log_score","grid_ISE","scenario","rep","n","ntest"
"gaussian msec",1,-605.186003735603,1228.37200747121,1261.70604974311,-2.05939911177471,0.00171137320577618,"moderate",35,300,5000
"gaussian mixture",3,-620.001338148474,1274.00267629695,1336.9669783661,-2.08790084370205,0.00699621748266788,"moderate",35,300,5000
"gaussian msec",1,-731.870421946719,1481.74084389344,1515.07488616534,-2.40902666907794,0.00763793728937878,"weak",78,300,5000
"gaussian mixture",1,-735.435238511431,1480.87047702286,1499.38938939614,-2.39627790056523,0.00417825483936434,"weak",78,300,5000
"gaussian msec",1,-471.715722632919,961.431445265839,994.765487537745,-1.69391042838368,0.00334603050176717,"strong",120,300,5000
"gaussian mixture",3,-486.762072666288,1007.52414533258,1070.48844740173,-1.79555880464234,0.0152883253629769,"strong",120,300,5000
"gaussian msec",1,-591.699613344065,1201.39922668813,1234.73326896004,-2.0738669757914,0.00564684248951932,"moderate",163,300,5000
"gaussian mixture",4,-568.36937333519,1182.73874667038,1267.92574358747,-2.16163256362297,0.0201325052797474,"moderate",163,300,5000
