"model","selected_G","logLik","AIC","BIC","test_log_score","grid_ISE","scenario","rep","n","ntest"
"gaussian msec",1,-605.179490676066,1228.35898135213,1261.69302362404,-2.11457630464388,0.00623200321027281,"moderate",43,300,5000
"gaussian mixture",2,-618.813074589602,1259.6261491792,1300.36775640042,-2.17214877244636,0.027136712406368,"moderate",43,300,5000
"gaussian msec",1,-700.064508699385,1418.12901739877,1451.46305967068,-2.40605153704848,0.00496396578659083,"weak",86,300,5000
"gaussian mixture",1,-705.89963449309,1421.79926898618,1440.31818135946,-2.39768990362652,0.00434615307280842,"weak",86,300,5000
"gaussian msec",1,-470.04649046238,958.092980924761,991.427023196666,-1.69004089470344,0.00393044066027213,"strong",128,300,5000
"gaussian mixture",4,-469.463713916891,984.927427833782,1070.11442475087,-1.73172000922684,0.0144067107956477,"strong",128,300,5000
"gaussian msec",1,-619.23891301287,1256.47782602574,1289.81186829765,-2.06216056260251,0.00130018996527714,"moderate",171,300,5000
"gaussian mixture",3,-622.872287167511,1279.74457433502,1342.70887640418,-2.08894965534691,0.00617895399251645,"moderate",171,300,5000
