"model","selected_G","logLik","AIC","BIC","test_log_score","grid_ISE","scenario","rep","n","ntest"
"gaussian msec",1,-610.320718073545,1238.64143614709,1271.975478419,-2.06956241329474,0.00218949387832928,"moderate",39,300,5000
"gaussian mixture",3,-610.149961810637,1254.29992362127,1317.26422569043,-2.13535209354644,0.013100315206603,"moderate",39,300,5000
"gaussian msec",1,-694.479719136363,1406.95943827273,1440.29348054463,-2.39397008214379,0.00262563904832265,"weak",82,300,5000
"gaussian mixture",1,-696.673927649756,1403.34785529951,1421.86676767279,-2.40590393695838,0.00550691031152175,"weak",82,300,5000
"gaussian msec",1,-521.322478983836,1060.64495796767,1093.97900023958,-1.66758317127839,0.00195360418098398,"strong",124,300,5000
"gaussian mixture",3,-529.04006716726,1092.08013433452,1155.04443640368,-1.7562839581417,0.0191766345422346,"strong",124,300,5000
"gaussian msec",1,-596.855097043607,1211.71019408721,1245.04423635912,-2.07771567592895,0.00399968079806436,"moderate",167,300,5000
"gaussian mixture",3,-589.405519142331,1212.81103828466,1275.77534035382,-2.10904308409256,0.00896461662914254,"moderate",167,300,5000
