"model","selected_G","logLik","AIC","BIC","test_log_score","grid_ISE","scenario","rep","n","ntest"
"gaussian msec",1,-703.799377636937,1425.59875527387,1458.93279754578,-2.39477634528905,0.005662040594483,"weak",37,300,5000
"gaussian mixture",1,-712.577259228741,1435.15451845748,1453.67343083076,-2.39821873097369,0.00486264475448588,"weak",37,300,5000
"gaussian msec",1,-475.102024339755,968.204048679511,1001.53809095142,-1.65880143610818,0.00347585224152535,"strong",79,300,5000
"gaussian mixture",3,-491.446608643335,1016.89321728667,1079.85751935583,-1.74866597428813,0.0155068968065823,"strong",79,300,5000
"gaussian msec",1,-642.090899848051,1302.1817996961,1335.51584196801,-2.05740417039071,0.00202054259007687,"moderate",122,300,5000
"gaussian mixture",2,-661.87122785242,1345.74245570484,1386.48406292606,-2.13418657595256,0.0175677235860616,"moderate",122,300,5000
"gaussian msec",1,-717.185292693127,1452.37058538625,1485.70462765816,-2.39692225333826,0.00188806743306965,"weak",165,300,5000
"gaussian mixture",1,-729.765027783528,1469.53005556706,1488.04896794034,-2.41315879862507,0.00441718300244701,"weak",165,300,5000
