"model","selected_G","logLik","AIC","BIC","test_log_score","grid_ISE","scenario","rep","n","ntest"
"gaussian msec",1,-691.376066834769,1400.75213366954,1434.08617594144,-2.42314158127836,0.00242093935382396,"weak",39,300,5000
"gaussian mixture",1,-694.617242715353,1399.23448543071,1417.75339780399,-2.43675844782394,0.0047202028377539,"weak",39,300,5000
"gaussian msec",1,-496.134836949525,1010.26967389905,1043.60371617096,-1.67184042659024,0.00834508599649591,"strong",81,300,5000
"gaussian mixture",4,-489.36703469555,1024.7340693911,1109.92106630819,-1.79039062387536,0.0240141901963149,"strong",81,300,5000
"gaussian msec",1,-628.601071232098,1275.2021424642,1308.5361847361,-2.12949731839222,0.0126143367351336,"moderate",124,300,5000
"gaussian mixture",2,-622.931256178244,1267.86251235649,1308.60411957771,-2.15114268758647,0.0193123049384181,"moderate",124,300,5000
"gaussian msec",1,-681.34408690777,1380.68817381554,1414.02221608745,-2.36627845728217,0.00230298516420702,"weak",167,300,5000
"gaussian mixture",1,-688.191318580438,1386.38263716088,1404.90154953416,-2.38259328219545,0.00619661418502332,"weak",167,300,5000
