"model","selected_G","logLik","AIC","BIC","test_log_score","grid_ISE","scenario","rep","n","ntest"
"gaussian msec",1,-487.855474938058,993.710949876115,1027.04499214802,-1.70104398673567,0.00602928475233048,"strong",34,300,5000
"gaussian mixture",4,-490.615689434513,1027.23137886903,1112.41837578612,-1.7538024753544,0.0124321683493747,"strong",34,300,5000
"gaussian msec",1,-606.112586864667,1230.22517372933,1263.55921600124,-2.06921031846285,0.00520122281357053,"moderate",77,300,5000
"gaussian mixture",3,-603.426732527184,1240.85346505437,1303.81776712352,-2.13018590104435,0.0111935745336332,"moderate",77,300,5000
"gaussian msec",1,-725.978076769824,1469.95615353965,1503.29019581155,-2.41675837120298,0.00486701954576251,"weak",120,300,5000
"gaussian mixture",1,-729.399512108498,1468.799024217,1487.31793659028,-2.4176994278902,0.00370209222882259,"weak",120,300,5000
"gaussian msec",1,-470.185161589048,958.370323178096,991.704365450002,-1.67824774775085,0.00446176855178484,"strong",162,300,5000
"gaussian mixture",4,-470.649862860521,987.299725721043,1072.48672263814,-1.73643355601578,0.0129307310626155,"strong",162,300,5000
