"model","selected_G","logLik","AIC","BIC","test_log_score","grid_ISE","scenario","rep","n","ntest"
"gaussian msec",1,-517.66856252119,1053.33712504238,1086.67116731429,-1.67198346975035,0.00257193404004084,"strong",40,300,5000
"gaussian mixture",4,-522.836998280451,1091.6739965609,1176.860993478,-1.72634379084,0.00975289885815473,"strong",40,300,5000
"gaussian msec",1,-628.158648529146,1274.31729705829,1307.6513393302,-2.07472783326154,0.00378049245089317,"moderate",83,300,5000
"gaussian mixture",2,-641.111098692091,1304.22219738418,1344.9638046054,-2.14856457776415,0.0213328361636948,"moderate",83,300,5000
"gaussian msec",1,-709.747200380955,1437.49440076191,1470.82844303382,-2.42933450756225,0.00452005730010162,"weak",126,300,5000
"gaussian mixture",1,-714.871855518312,1439.74371103662,1458.26262340991,-2.42930361170102,0.0043699240215044,"weak",126,300,5000
"gaussian msec",1,-473.335622345799,964.671244691597,998.005286963503,-1.67750077172759,0.00278225116574156,"strong",168,300,5000
"gaussian mixture",4,-474.189195841297,994.378391682593,1079.56538859969,-1.72626079031188,0.0127810420834339,"strong",168,300,5000
