"model","selected_G","logLik","AIC","BIC","test_log_score","grid_ISE","scenario","rep","n","ntest"
"gaussian msec",1,-709.303846450732,1436.60769290146,1469.94173517337,-2.40380673366122,0.00534411135616241,"weak",34,300,5000
"gaussian mixture",1,-715.769529164177,1441.53905832835,1460.05797070163,-2.40139462685859,0.00492339048449021,"weak",34,300,5000
"gaussian msec",1,-506.234971836842,1030.46994367368,1063.80398594559,-1.66806235176493,0.00152804653746882,"strong",76,300,5000
"gaussian mixture",4,-512.178998716707,1070.35799743341,1155.54499435051,-1.70587105525717,0.0100578339838018,"strong",76,300,5000
"gaussian msec",1,-587.532940121338,1193.06588024268,1226.39992251458,-2.08409435050519,0.00812245103160815,"moderate",119,300,5000
"gaussian mixture",3,-587.861121703056,1209.72224340611,1272.68654547527,-2.17123854947956,0.0302562854522058,"moderate",119,300,5000
"gaussian msec",1,-700.281498335377,1418.56299667075,1451.89703894266,-2.38787020866484,0.00402118244558246,"weak",162,300,5000
"gaussian mixture",1,-703.952764800808,1417.90552960162,1436.4244419749,-2.40002785903334,0.00621251667122965,"weak",162,300,5000
