"model","selected_G","logLik","AIC","BIC","test_log_score","grid_ISE","scenario","rep","n","ntest"
"gaussian msec",1,-592.768848344936,1203.53769668987,1236.87173896178,-2.09119187906978,0.00334520291990969,"moderate",30,300,5000
"gaussian mixture",2,-615.800571578998,1253.601143158,1294.34275037921,-2.1708336284915,0.0274532005695041,"moderate",30,300,5000
"gaussian msec",1,-695.08717789144,1408.17435578288,1441.50839805479,-2.4038938688164,0.00329607859811119,"weak",73,300,5000
"gaussian mixture",1,-697.506391430989,1405.01278286198,1423.53169523526,-2.41218485312854,0.00461170028127375,"weak",73,300,5000
"gaussian msec",1,-516.557948575973,1051.11589715195,1084.44993942385,-1.66436962017692,0.00217611227768954,"strong",115,300,5000
"gaussian mixture",4,-517.201222173708,1080.40244434742,1165.58944126451,-1.70797027492114,0.0102574749935871,"strong",115,300,5000
"gaussian msec",1,-602.920340764088,1223.84068152818,1257.17472380008,-2.06464118082239,0.00662858281146698,"moderate",158,300,5000
"gaussian mixture",3,-603.13925118251,1240.27850236502,1303.24280443417,-2.09611537042353,0.00761302995980839,"moderate",158,300,5000
