"model","selected_G","logLik","AIC","BIC","test_log_score","grid_ISE","scenario","rep","n","ntest"
"gaussian msec",1,-591.956127546696,1201.91225509339,1235.2462973653,-2.08430666260382,0.00434519054505951,"moderate",37,300,5000
"gaussian mixture",2,-619.564023234271,1261.12804646854,1301.86965368976,-2.13994415553953,0.0220887843249636,"moderate",37,300,5000
"gaussian msec",1,-693.047583991849,1404.0951679837,1437.4292102556,-2.41559965717883,0.00507959598415122,"weak",80,300,5000
"gaussian mixture",1,-701.706359359442,1413.41271871888,1431.93163109217,-2.41685499817125,0.00493776458588882,"weak",80,300,5000
"gaussian msec",1,-504.633146031618,1027.26629206324,1060.60033433514,-1.6735863756366,0.00380173082485117,"strong",122,300,5000
"gaussian mixture",4,-501.322371764243,1048.64474352849,1133.83174044558,-1.74038220176869,0.0129513236760434,"strong",122,300,5000
"gaussian msec",1,-614.41942034782,1246.83884069564,1280.17288296755,-2.06288465198169,0.00953708089303914,"moderate",165,300,5000
"gaussian mixture",3,-610.768328094194,1255.53665618839,1318.50095825754,-2.0838105116704,0.0101652594405037,"moderate",165,300,5000
