"model","selected_G","logLik","AIC","BIC","test_log_score","grid_ISE","scenario","rep","n","ntest"
"gaussian msec",1,-482.030776781809,982.061553563618,1015.39559583552,-1.68001048605775,0.00260666426745363,"strong",42,300,5000
"gaussian mixture",3,-504.203896214747,1042.40779242949,1105.37209449865,-1.75318057127989,0.0176629399793917,"strong",42,300,5000
"gaussian msec",1,-597.71858833804,1213.43717667608,1246.77121894799,-2.06142194278321,0.00208020267637321,"moderate",85,300,5000
"gaussian mixture",2,-618.162650878118,1258.32530175624,1299.06690897745,-2.15433211133343,0.0228847480118278,"moderate",85,300,5000
"gaussian msec",1,-716.496616002094,1450.99323200419,1484.32727427609,-2.39993709246296,0.00485677040286745,"weak",128,300,5000
"gaussian mixture",1,-721.297326893254,1452.59465378651,1471.11356615979,-2.39138691011118,0.00373859423918502,"weak",128,300,5000
"gaussian msec",1,-500.871853310105,1019.74370662021,1053.07774889212,-1.6525665199728,0.00378925239562443,"strong",170,300,5000
"gaussian mixture",4,-506.505448587826,1059.01089717565,1144.19789409274,-1.68168768808721,0.00690387640775359,"strong",170,300,5000
