"model","selected_G","logLik","AIC","BIC","test_log_score","grid_ISE","scenario","rep","n","ntest"
"gaussian msec",1,-475.830502012893,969.661004025786,1002.99504629769,-1.69266338367135,0.00364363234957832,"strong",35,300,5000
"gaussian mixture",4,-477.592858104933,1001.18571620987,1086.37271312696,-1.75729122327263,0.012415453310492,"strong",35,300,5000
"gaussian msec",1,-621.718884136621,1261.43776827324,1294.77181054515,-2.07109106481402,0.00485740138930064,"moderate",78,300,5000
"gaussian mixture",3,-619.606375279092,1273.21275055818,1336.17705262734,-2.10155035792455,0.010421746144572,"moderate",78,300,5000
"gaussian msec",1,-710.070129521942,1438.14025904388,1471.47430131579,-2.3861401893615,0.00266555544303703,"weak",121,300,5000
"gaussian mixture",1,-711.873003018249,1433.7460060365,1452.26491840978,-2.39523551498187,0.00406067709482169,"weak",121,300,5000
"gaussian msec",1,-493.31289947415,1004.6257989483,1037.9598412202,-1.68900907577403,0.00368142982985958,"strong",163,300,5000
"gaussian mixture",3,-510.783277964541,1055.56655592908,1118.53085799824,-1.77226578921977,0.0150180159884815,"strong",163,300,5000
