"model","selected_G","logLik","AIC","BIC","test_log_score","grid_ISE","scenario","rep","n","ntest"
"gaussian msec",1,-500.905324115804,1019.81064823161,1053.14469050351,-1.64937510388009,0.00124258676313533,"strong",31,300,5000
"gaussian mixture",4,-498.435679154769,1042.87135830954,1128.05835522663,-1.71629731102631,0.010268257166044,"strong",31,300,5000
"gaussian msec",1,-619.584323330231,1257.16864666046,1290.50268893237,-2.06777279729863,0.0031486682753682,"moderate",74,300,5000
"gaussian mixture",3,-617.917806632351,1269.8356132647,1332.79991533386,-2.11088223203874,0.00859257134171725,"moderate",74,300,5000
"gaussian msec",1,-705.857810506631,1429.71562101326,1463.04966328517,-2.40206185026156,0.00367453601328006,"weak",117,300,5000
"gaussian mixture",1,-720.810255933783,1451.62051186757,1470.13942424085,-2.40418023818567,0.00471605451379716,"weak",117,300,5000
"gaussian msec",1,-488.884238936231,995.768477872461,1029.10252014437,-1.68153413245361,0.00343961031565679,"strong",159,300,5000
"gaussian mixture",4,-490.23534772613,1026.47069545226,1111.65769236935,-1.71247863249006,0.0114823334616733,"strong",159,300,5000
