"model","selected_G","logLik","AIC","BIC","test_log_score","grid_ISE","scenario","rep","n","ntest"
"gaussian msec",1,-615.055563018193,1248.11112603639,1281.44516830829,-2.0929866595641,0.00863571015729795,"moderate",40,300,5000
"gaussian mixture",2,-635.84472405751,1293.68944811502,1334.43105533624,-2.1383597245347,0.0216514059802944,"moderate",40,300,5000
"gaussian msec",1,-721.457985939642,1460.91597187928,1494.25001415119,-2.39227240744188,0.00329074415906909,"weak",83,300,5000
"gaussian mixture",1,-734.642249341082,1479.28449868216,1497.80341105544,-2.40136489323427,0.00401913223590706,"weak",83,300,5000
"gaussian msec",1,-523.634831437004,1065.26966287401,1098.60370514591,-1.65517916825431,0.00333579282576459,"strong",125,300,5000
"gaussian mixture",4,-516.661754972166,1079.32350994433,1164.51050686143,-1.73329788709888,0.0281247139780098,"strong",125,300,5000
"gaussian msec",1,-591.328281983129,1200.65656396626,1233.99060623816,-2.06677652281429,0.00204904126292243,"moderate",168,300,5000
"gaussian mixture",3,-595.643390626735,1225.28678125347,1288.25108332263,-2.1566216562287,0.0147663802038669,"moderate",168,300,5000
