"model","selected_G","logLik","AIC","BIC","test_log_score","grid_ISE","scenario","rep","n","ntest"
"gaussian msec",1,-503.700905609809,1025.40181121962,1058.73585349152,-1.65176103386285,0.00147783054605062,"strong",38,300,5000
"gaussian mixture",4,-501.763813450433,1049.52762690087,1134.71462381796,-1.68656443054649,0.00721577682926967,"strong",38,300,5000
"gaussian msec",1,-635.571490646423,1289.14298129285,1322.47702356475,-2.08922557473726,0.00541538620127987,"moderate",81,300,5000
"gaussian mixture",2,-642.011938333566,1306.02387666713,1346.76548388835,-2.15040866732691,0.0210020180268925,"moderate",81,300,5000
"gaussian msec",1,-714.074074094504,1446.14814818901,1479.48219046091,-2.39607464668128,0.00422561076670217,"weak",124,300,5000
"gaussian mixture",1,-717.882909476132,1445.76581895226,1464.28473132555,-2.39715153091359,0.00365637518742477,"weak",124,300,5000
"gaussian msec",1,-522.839303631874,1063.67860726375,1097.01264953565,-1.6764893088144,0.00250404263514997,"strong",166,300,5000
"gaussian mixture",4,-522.973161890244,1091.94632378049,1177.13332069758,-1.72829698741155,0.00851839248676146,"strong",166,300,5000
