"model","selected_G","logLik","AIC","BIC","test_log_score","grid_ISE","scenario","rep","n","ntest"
"gaussian msec",1,-496.096409434196,1010.19281886839,1043.5268611403,-1.65263281410859,0.00148695087496296,"strong",39,300,5000
"gaussian mixture",4,-498.942752750258,1043.88550550052,1129.07250241761,-1.70206402505834,0.01061784399356,"strong",39,300,5000
"gaussian msec",1,-596.2684545201,1210.5369090402,1243.87095131211,-2.08121640283161,0.00345447079896852,"moderate",82,300,5000
"gaussian mixture",2,-616.86971458104,1255.73942916208,1296.4810363833,-2.15029785590796,0.023943454875952,"moderate",82,300,5000
"gaussian msec",1,-705.352038037173,1428.70407607435,1462.03811834625,-2.39856069811571,0.00322879759945272,"weak",125,300,5000
"gaussian mixture",1,-713.594001178495,1437.18800235699,1455.70691473027,-2.40304034418821,0.00445303222615381,"weak",125,300,5000
"gaussian msec",1,-474.300365991635,966.600731983269,999.934774255175,-1.71748190690065,0.00369218669250391,"strong",167,300,5000
"gaussian mixture",3,-498.164122763286,1030.32824552657,1093.29254759573,-1.81029211313894,0.0146671105474133,"strong",167,300,5000
