"model","selected_G","logLik","AIC","BIC","test_log_score","grid_ISE","scenario","rep","n","ntest"
"gaussian msec",1,-606.669088737513,1231.33817747503,1264.67221974693,-2.06575360940975,0.00240577312733004,"moderate",42,300,5000
"gaussian mixture",3,-616.639734486935,1267.27946897387,1330.24377104303,-2.10035890037436,0.00664755204207119,"moderate",42,300,5000
"gaussian msec",1,-716.479736454823,1450.95947290965,1484.29351518155,-2.40970572391044,0.00298910063754893,"weak",85,300,5000
"gaussian mixture",1,-720.378542603985,1450.75708520797,1469.27599758125,-2.41853714607077,0.0037946327083679,"weak",85,300,5000
"gaussian msec",1,-493.071870406583,1004.14374081317,1037.47778308507,-1.6810922602501,0.0050802082064669,"strong",127,300,5000
"gaussian mixture",4,-496.111910926474,1038.22382185295,1123.41081877004,-1.72595794913699,0.0138654213414256,"strong",127,300,5000
"gaussian msec",1,-606.231653150232,1230.46330630046,1263.79734857237,-2.03821120331546,0.00277045997965471,"moderate",170,300,5000
"gaussian mixture",3,-609.668300695316,1253.33660139063,1316.30090345979,-2.08338794310283,0.00801428064571,"moderate",170,300,5000
