"model","selected_G","logLik","AIC","BIC","test_log_score","grid_ISE","scenario","rep","n","ntest"
"gaussian msec",1,-473.186360270667,964.372720541333,997.706762813239,-1.66336631480326,0.00385883923890718,"strong",36,300,5000
"gaussian mixture",3,-494.493239878452,1022.9864797569,1085.95078182606,-1.76484917631797,0.0158195707764709,"strong",36,300,5000
"gaussian msec",1,-583.859014129175,1185.71802825835,1219.05207053026,-2.08378276609406,0.00867782853150678,"moderate",79,300,5000
"gaussian mixture",2,-598.382899298872,1218.76579859774,1259.50740581896,-2.11959385753469,0.0283655353182799,"moderate",79,300,5000
"gaussian msec",1,-748.163163513617,1514.32632702723,1547.66036929914,-2.40590759357878,0.00433086170917685,"weak",122,300,5000
"gaussian mixture",1,-752.345836486238,1514.69167297248,1533.21058534576,-2.40926841295345,0.00367959670910036,"weak",122,300,5000
"gaussian msec",1,-495.256373332822,1008.51274666564,1041.84678893755,-1.66158291621497,0.00252567763102511,"strong",164,300,5000
"gaussian mixture",4,-502.939966651365,1051.87993330273,1137.06693021982,-1.69406621365846,0.0113722661331471,"strong",164,300,5000
