"model","selected_G","logLik","AIC","BIC","test_log_score","grid_ISE","scenario","rep","n","ntest"
"gaussian msec",1,-470.03372181889,958.06744363778,991.401485909686,-1.65053295744114,0.00431330127200337,"strong",37,300,5000
"gaussian mixture",4,-467.113242449862,980.226484899724,1065.41348181682,-1.71851079883308,0.0131683341012666,"strong",37,300,5000
"gaussian msec",1,-634.508797947576,1287.01759589515,1320.35163816706,-2.05461751298667,0.00267178736448652,"moderate",80,300,5000
"gaussian mixture",2,-654.908533856949,1331.8170677139,1372.55867493512,-2.12909751199094,0.0186221896135351,"moderate",80,300,5000
"gaussian msec",1,-716.288023886012,1450.57604777202,1483.91009004393,-2.42134225023231,0.00430632386299988,"weak",123,300,5000
"gaussian mixture",1,-725.118128620201,1460.2362572404,1478.75516961368,-2.42378022951233,0.00392270544960574,"weak",123,300,5000
"gaussian msec",1,-506.453386286076,1030.90677257215,1064.24081484406,-1.71990272244163,0.00655674536704364,"strong",165,300,5000
"gaussian mixture",4,-498.294926580927,1042.58985316185,1127.77685007895,-1.73480063365981,0.00826194698007001,"strong",165,300,5000
