"model","selected_G","logLik","AIC","BIC","test_log_score","grid_ISE","scenario","rep","n","ntest"
"gaussian msec",1,-716.106453169257,1450.21290633851,1483.54694861042,-2.39288299149565,0.00670600067819774,"weak",43,300,5000
"gaussian mixture",1,-722.210100609061,1454.42020121812,1472.9391135914,-2.39373099300406,0.00403233696639833,"weak",43,300,5000
"gaussian msec",1,-486.78223818896,991.564476377919,1024.89851864983,-1.65082572657878,0.000518960857304863,"strong",85,300,5000
"gaussian mixture",4,-474.491112971797,994.982225943595,1080.16922286069,-1.79539818317843,0.012397566726851,"strong",85,300,5000
"gaussian msec",1,-604.637571007353,1227.27514201471,1260.60918428661,-2.07077548249864,0.00497616146843478,"moderate",128,300,5000
"gaussian mixture",3,-611.958842482582,1257.91768496516,1320.88198703432,-2.08704677883148,0.00602438495821302,"moderate",128,300,5000
"gaussian msec",1,-720.962759061971,1459.92551812394,1493.25956039585,-2.41304710365239,0.00307356105592452,"weak",171,300,5000
"gaussian mixture",1,-725.14497705368,1460.28995410736,1478.80886648064,-2.41760241030241,0.00400722276436832,"weak",171,300,5000
