"model","selected_G","logLik","AIC","BIC","test_log_score","grid_ISE","scenario","rep","n","ntest"
"gaussian msec",1,-712.081834908807,1442.16366981761,1475.49771208952,-2.38981359054688,0.00663918401183134,"weak",33,300,5000
"gaussian mixture",1,-718.372143630459,1446.74428726092,1465.2631996342,-2.39236955802714,0.00609378549849876,"weak",33,300,5000
"gaussian msec",1,-501.930509557969,1021.86101911594,1055.19506138784,-1.67007613372755,0.00421309261040454,"strong",75,300,5000
"gaussian mixture",3,-510.364819974566,1054.72963994913,1117.69394201829,-1.77527166210416,0.0208308376072947,"strong",75,300,5000
"gaussian msec",1,-612.045096968865,1242.09019393773,1275.42423620964,-2.04900408013223,0.000878860768451892,"moderate",118,300,5000
"gaussian mixture",2,-630.526575864099,1283.0531517282,1323.79475894942,-2.14028811262336,0.0216441883803004,"moderate",118,300,5000
"gaussian msec",1,-689.671103415296,1397.34220683059,1430.6762491025,-2.39567662450461,0.00426960367231085,"weak",161,300,5000
"gaussian mixture",1,-697.268747928867,1404.53749585773,1423.05640823102,-2.40375561081349,0.00542562516126944,"weak",161,300,5000
