"model","selected_G","logLik","AIC","BIC","test_log_score","grid_ISE","scenario","rep","n","ntest"
"gaussian msec",1,-626.665123684993,1271.33024736999,1304.66428964189,-2.04206498132436,0.002650444364675,"moderate",32,300,5000
"gaussian mixture",2,-652.642698341327,1327.28539668265,1368.02700390387,-2.12134375305784,0.0205295803373656,"moderate",32,300,5000
"gaussian msec",1,-714.270521056704,1446.54104211341,1479.87508438531,-2.38009864206265,0.00285003714917372,"weak",75,300,5000
"gaussian mixture",1,-717.991835151777,1445.98367030355,1464.50258267684,-2.39237418639414,0.00445053782946093,"weak",75,300,5000
"gaussian msec",1,-482.618851533979,983.237703067957,1016.57174533986,-1.67916419372923,0.0015182208831033,"strong",117,300,5000
"gaussian mixture",4,-476.353293165619,998.706586331238,1083.89358324833,-1.79624726687467,0.0150544313504631,"strong",117,300,5000
"gaussian msec",1,-625.93088711842,1269.86177423684,1303.19581650875,-2.05363835082421,0.00302202345121682,"moderate",160,300,5000
"gaussian mixture",2,-648.098189394543,1318.19637878909,1358.9379860103,-2.12325165071563,0.0179364231285089,"moderate",160,300,5000
