"model","selected_G","logLik","AIC","BIC","test_log_score","grid_ISE","scenario","rep","n","ntest"
"gaussian msec",1,-687.559313408854,1393.11862681771,1426.45266908961,-2.41498871384011,0.00437539775333077,"weak",35,300,5000
"gaussian mixture",1,-694.397830239444,1398.79566047889,1417.31457285217,-2.41526522371263,0.00567354290040213,"weak",35,300,5000
"gaussian msec",1,-462.251451591127,942.502903182255,975.836945454161,-1.67352849629658,0.00583845053879376,"strong",77,300,5000
"gaussian mixture",4,-468.590739719461,983.181479438921,1068.36847635601,-1.73597952520781,0.0160604804764577,"strong",77,300,5000
"gaussian msec",1,-612.27920159793,1242.55840319586,1275.89244546777,-2.05198139225595,0.00356042719235818,"moderate",120,300,5000
"gaussian mixture",2,-628.96986750623,1279.93973501246,1320.68134223368,-2.11717955799457,0.0223297404901646,"moderate",120,300,5000
"gaussian msec",1,-694.533768962709,1407.06753792542,1440.40158019732,-2.40590909816826,0.00366366002642235,"weak",163,300,5000
"gaussian mixture",1,-696.598361177975,1403.19672235595,1421.71563472923,-2.41382951945368,0.0050892707098713,"weak",163,300,5000
