"model","selected_G","logLik","AIC","BIC","test_log_score","grid_ISE","scenario","rep","n","ntest"
"gaussian msec",1,-503.914607162965,1025.82921432593,1059.16325659784,-1.68185023568661,0.00537665826820727,"strong",32,300,5000
"gaussian mixture",3,-520.075170241781,1074.15034048356,1137.11464255272,-1.77752885353611,0.0169088535139918,"strong",32,300,5000
"gaussian msec",1,-581.353781655694,1180.70756331139,1214.04160558329,-2.08317085045746,0.00778034904986948,"moderate",75,300,5000
"gaussian mixture",3,-583.637710638634,1201.27542127727,1264.23972334642,-2.14055085181409,0.0142400426224067,"moderate",75,300,5000
"gaussian msec",1,-731.744555173652,1481.4891103473,1514.82315261921,-2.41401412887411,0.00383329147228043,"weak",118,300,5000
"gaussian mixture",1,-734.507358422083,1479.01471684417,1497.53362921745,-2.41855764133009,0.00388262957906599,"weak",118,300,5000
"gaussian msec",1,-505.162206567924,1028.32441313585,1061.65845540775,-1.67851359438845,0.00232451624901319,"strong",160,300,5000
"gaussian mixture",4,-499.739368840904,1045.47873768181,1130.6657345989,-1.75848125324079,0.0133161821312196,"strong",160,300,5000
