"model","selected_G","logLik","AIC","BIC","test_log_score","grid_ISE","scenario","rep","n","ntest"
"gaussian msec",1,-481.02391217656,980.04782435312,1013.38186662503,-1.67833381001803,0.00297869224679846,"strong",33,300,5000
"gaussian mixture",3,-494.847722636222,1023.69544527244,1086.6597473416,-1.77173465727738,0.0198085714727257,"strong",33,300,5000
"gaussian msec",1,-618.983682497791,1255.96736499558,1289.30140726749,-2.08508236810573,0.0127706839163546,"moderate",76,300,5000
"gaussian mixture",3,-618.60049110083,1271.20098220166,1334.16528427082,-2.08797058338508,0.00931519549206577,"moderate",76,300,5000
"gaussian msec",1,-678.5808468688,1375.1616937376,1408.49573600951,-2.41826572182161,0.00209705629357426,"weak",119,300,5000
"gaussian mixture",1,-687.158980842046,1384.31796168409,1402.83687405737,-2.4256830224816,0.00569133154840206,"weak",119,300,5000
"gaussian msec",1,-504.020895737785,1026.04179147557,1059.37583374748,-1.65911303400501,0.00103858030519045,"strong",161,300,5000
"gaussian mixture",4,-505.07199584993,1056.14399169986,1141.33098861695,-1.72896132861766,0.00900652856093661,"strong",161,300,5000
