"model","selected_G","logLik","AIC","BIC","test_log_score","grid_ISE","scenario","rep","n","ntest"
"gaussian msec",1,-698.401449843708,1414.80289968742,1448.13694195932,-2.42674972432181,0.00626720728171533,"weak",38,300,5000
"gaussian mixture",1,-704.58266489035,1419.1653297807,1437.68424215398,-2.4192356091836,0.00475845176298417,"weak",38,300,5000
"gaussian msec",1,-479.134421666393,976.268843332785,1009.60288560469,-1.69174234855151,0.00263715895694075,"strong",80,300,5000
"gaussian mixture",4,-478.108381989658,1002.21676397932,1087.40376089641,-1.76579002920293,0.0177919720003816,"strong",80,300,5000
"gaussian msec",1,-625.102657363192,1268.20531472638,1301.53935699829,-2.0478127387071,0.00232627479174885,"moderate",123,300,5000
"gaussian mixture",2,-642.925053907885,1307.85010781577,1348.59171503699,-2.14274773686933,0.0217844754581278,"moderate",123,300,5000
"gaussian msec",1,-716.193612035314,1450.38722407063,1483.72126634253,-2.38742063622028,0.00254375132140968,"weak",166,300,5000
"gaussian mixture",1,-718.747002981591,1447.49400596318,1466.01291833646,-2.39879091369648,0.00379447770086992,"weak",166,300,5000
