"model","selected_G","logLik","AIC","BIC","test_log_score","grid_ISE","scenario","rep","n","ntest"
"gaussian msec",1,-608.259129493791,1234.51825898758,1267.85230125949,-2.05374387568522,0.000692937688571009,"moderate",31,300,5000
"gaussian mixture",2,-628.380645714632,1278.76129142926,1319.50289865048,-2.1461439212797,0.0202004437136609,"moderate",31,300,5000
"gaussian msec",1,-694.638408803036,1407.27681760607,1440.61085987798,-2.41581307938467,0.00286698738544422,"weak",74,300,5000
"gaussian mixture",1,-701.807258723911,1413.61451744782,1432.1334298211,-2.4273781795033,0.00486030024220442,"weak",74,300,5000
"gaussian msec",1,-470.365926014548,958.731852029096,992.065894301001,-1.65895028834102,0.00495322470992352,"strong",116,300,5000
"gaussian mixture",4,-464.521391763682,975.042783527364,1060.22978044446,-1.78505800683998,0.01585682454432,"strong",116,300,5000
"gaussian msec",1,-638.373792284506,1294.74758456901,1328.08162684092,-2.08527494641281,0.00524456588219012,"moderate",159,300,5000
"gaussian mixture",3,-645.021435781721,1324.04287156344,1387.0071736326,-2.11743593135826,0.0113071759474711,"moderate",159,300,5000
