"scenario","model","selected_G_mean","selected_G_mode","BIC_mean","BIC_se","test_log_score_mean","test_log_score_se","grid_ISE_mean","grid_ISE_se","n_used"
"moderate","gaussian msec",1,1,1272.199732843,2.25936798167923,-2.07106181088087,0.00156534232762494,0.0047475276515002,0.000256233575565767,200
"moderate","gaussian mixture",2.57,3,1318.82481368769,2.19924571397295,-2.12690005579134,0.00176128799216594,0.0162428530733933,0.000474466563774977,200
"weak","gaussian msec",1,1,1470.73210225696,2.36345598696502,-2.40226772457903,0.00114758832254645,0.00401369211350628,0.000116267074870414,200
"weak","gaussian mixture",1.02,1,1462.30085616562,2.36187891007559,-2.4059528965421,0.0010133151726225,0.00450422935309904,6.98842246342269e-05,200
"strong","gaussian msec",1,1,1036.10008269263,2.37853095117284,-1.67345966594362,0.00120628288603292,0.00367381773087188,0.000152594413168751,200
"strong","gaussian mixture",3.745,4,1114.45295970528,2.55822018042155,-1.74166537806014,0.0024120426541884,0.0147354587264248,0.000394974041207396,200
