"variable","mean","sd","median","iqr","mad_scaled","minimum","maximum","standardized_sd"
"eruption duration",3.48778308823529,1.14137125110521,4,2.2915,0.9510879,1.6,5.1,1.20006915355059
"waiting time",70.8970588235294,13.5949737899994,76,24,11.8608,43,96,1.14621052458514
